{
    "mcpServers": {
        "fileserver": {
            "command": "npx",
            "args": ["-y", "@modelcontextprotocol/server-filesystem", "/home/opc"]
        },
        "deno": {
            "command": "deno",
            "args": ["run", "-N", "-R=node_modules", "-W=node_modules", "--node-modules-dir=auto", "jsr:@pydantic/mcp-run-python", "stdio"]
        },
        "tavily-mcp": {
            "command": "npx",
            "args": ["-y", "tavily-mcp@0.1.4"],
            "env": {"TAVILY_API_KEY": "TAVILY_KEY_HERE"}
        }
    }
}
